Position, Company, Location, URL
Software Engineer - BCG X의 전체 세부 정보, Boston Consulting Group,서울,https://kr.indeed.com/pagead/clk?mo=r&ad=-6NYlbfkN0Ad1FFWZOsBBwBZDGouyCcICeLSd3pQct3wJ1q5dPO7JG9bUep5oaAbSM6zROj67rzkp6f1nWtS9gd6NVAEyiRUQPQsr_2td0j1J46quCUS_scsi9yVh5tQyO3LRAgF_2JB5cumwnMo8SyYyBmLqxkLACoHyW8HHr5HDjMu1yrVZ0le14bCt1MSRUgBhQB6kIcruadoljz1TrPJZ0TE1lBIHGhT3Zc9h7FUp4_wAKuOtA2W4mTYJVXlBnJGhSGQUsI39jCIV0LHxVFhpUBp9Fcq4KkgtiGRYQjQWRrqXX0m3bBdqgKScf3434f2qsqT3YwUvju7ICbBTcKWmMgVPyq3nAkzS0TYtLMjcZaY4Hv2UFvb8Jq6QIW1_rTFyW2uelj-e-H33oP3CAmaT0a6ThEykQbGxujZG55YqhkLEAAAR9aG5jo9oUPCb0lqMCTAR5UZTAzUJlYiBZ7nFFMdWpnKE-pgl8GgCjGKg8L_UI4_AprNwc5OiXEWhWoM1K1CZuhnf7WA4CA_ZwDImPvznW-O5Fu5M2om1dupGCZ5TMjRbjNnZr8lZP-86DdBOvtnUHmXD6wn0vZ-uJkQ5-uaXV4KKf7o5f8KNpNc6OQNHel5HlLNXQbfQN6dudO1cp5AqMIs080PHGRAsmb69P_Vc3xTzF5m8qCqrKFPOot4V1eDeKu8EjGesOe3aisS9X59kBq--YyZv9QRtEQSKP6TchvE_Y0668e4WO57-Tv_nvPCiMavM2eLDgJnqLs1dgVYFVkY7z5bFem0LLy0bskOUBsszLyZDHF1s0RuEiQu_LWYiKGVXpVlLbAu-roODjIMUexLeeOljCOcwJYNMURk7WosYd0S-z5IJXGpjbJCvveOHLWBfFfp5WmDtZf62Z64X2ASWFAHKa4dx-O0979Fv8CzsUk6ub6Hmx5OcQgCB7USgDdkEUJ9HNDTxFws0If-pfAD0TH-fenFdY-iAQ-lDXtsid1PZQmHb0HgVXh1Yc37uQp9pbhmeKnhSOwgK9iQgJJdrwj6y-r6kBZaYcn_gRPTX6t2cbpnRvT6XLeaqzFOenfUy3qF4ZC3llZ3vQCkMS7rEm6zARXPehClCZSSsD5O5dFAOHZvkuxL5SMJPCT99kzjHJkIYnf3vtRLWaYqs3LzPBtVSaPD7POoIJzFLWx3X3M25eJ_RSKKXsQs-ok34crn3Mf7svUdTpZaNC1JpE07Jz7Zt10xHJY2qlIC8B3Y_PErBZolkAn7LE8wDJx1qne8crPFL2MyzrWnlpjNzu-qApi16QLL0MpfFP2CnkyKSY2h5OHyx6maEaNiUM3-ug==&xkcb=SoAh-_M3JorzWGzk9B0LbzkdCdPP&p=0&fvj=0&vjs=3
Data Scientist - BCG X의 전체 세부 정보, Boston Consulting Group,서울,https://kr.indeed.com/pagead/clk?mo=r&ad=-6NYlbfkN0Ad1FFWZOsBBwBZDGouyCcICeLSd3pQct3wJ1q5dPO7JG9bUep5oaAbSM6zROj67rzkp6f1nWtS9idIpSNrYFbYqhKMoCheJEkeAjOhkGt83U7AAH9O830TXzaWXBdSJl95bn7dxZLsRge3ZU-TUz69OkbFTyO_M12CQHOz6o66tyxsEM-dvgE41fYcTD5qhmZ83XAmw2N833XAPb5Q8lapxqs_PfRZ9QnmLoWRKQPgq_8ujoIE9bGLgCxNtKN4aGtbtrnFIe2QxF7ga55XegipmIK2AyYL-VcPMlqYIEQJrIqirsGvmjL-gXqqoxEu-4B89flfYcXjMhK9XmAWl6ytbza9Q425rqaHXqmTTVpdGFxe94vXXdAP-aeiX5W--SsCffQs-MR6yCGfFKTdPZAfi5D_wCpfM_9aCXn2LF4FjUzN4Jx3qE2Z4v6YTvyS1hHF3gV5z7qOYZIy2gmHnguk3Sr7xmC2j1HKeT-ppEYsbmac0vmbhc0v_rVynO7fRvgFRSfKqTK2uI_LPUMPTNtdoqFRK2rjyyYJQUkn4iY6ewhiDbr1ojrGkjN_xML0E6XupfVniifxZsX9kclElWzkhyZRjL-V8VqrVxJPXodvusWiscIAC8GvuoLk03tgoEc6lZq-wnHG8-AcQ-eLnzd5IXwVd_fChPiYmmJqk_uZtCs8iNUJLSuKYpKZLrtq0k84m87RwU2Gb31sG7HtLFQG4Ndqm6eQ9qWt1MlOkA8xKr7GTTkve7kP8fL0MydPL6KwhHYCs3BjISeIfNQhzMJgf9Ah98-GJJyIQqWJmuzAFgtyaGyeRYW-r7oyOY9W2Jjkk33lzd2EdHES6UeI7IONZyyE_UZDGJy8jRbOLBIjgYtG-sa3wzT4kQL8VIgBEMfYeFWh23676j8-m3tWh9ZV68J0QeB5WWl5ErZnQy5aUMw15xZxn5qX3ygrZswseaL4YEdxPCAy8Bwy5_nNF8EO5WtxjmtYDysnCZwOrk2pW7--6uPx8jUID7LKWtqqln4jEEqTNsgQNU4yfvUpERODsZHW441N3iTqsy4cyksyS0TnZyd47Jcu7C3qsuCanDipFyQt-nocVv5pRpHTBdvcA2ho1zaznySHG7FHh-S9OnWJulCq47yy26jtP-gbL1E4lh5bMNY21M1YI3pxnasNHNiZ7HwcHcRlC2HiC7nscXthv7-VMj3jwRJFw59PglA4YerPYpjiYfZqX95NHIWQCiEihIHEABgXprq_7Er7xVXnmB3qlLC3gvW1BJMf0MCbfGGYwoRWODGOHr1bxh35qkdD-PsBS2MUtGUq87s_MQ==&xkcb=SoCV-_M3JorzWGzk9B0KbzkdCdPP&p=1&fvj=0&vjs=3
Deep Learning Researcher (Intern)의 전체 세부 정보, Qualcomm,서울,https://kr.indeed.com/rc/clk?jk=701e887d6f3eb831&fccid=d40ebe11fc879426&vjs=3
파이썬(python) 백엔드 개발자의 전체 세부 정보, 아토머스,서울 강남구,https://kr.indeed.com/rc/clk?jk=7e8499c0e2fe4afb&fccid=660bbb21789ab63d&vjs=3
[웨이브릿지] IT 개발자 전문연구요원의 전체 세부 정보, 웨이브릿지,서울 영등포구,https://kr.indeed.com/rc/clk?jk=15beb0476f702d55&fccid=ec1b6a3ffad8f995&vjs=3
백엔드 엔지니어 - Python / Django / AWS의 전체 세부 정보, 버핏서울,서울 강남구,https://kr.indeed.com/rc/clk?jk=726438de0757a420&fccid=f6e11646ad07e7de&vjs=3
[국비무료/미취업]2023년 이공계 여성 챗GPT 프롬프트와 AI리터러시 교육생의 전체 세부 정보, 한국여성공학기술인협회,서울 강남구,https://kr.indeed.com/rc/clk?jk=3afa7f601f482242&fccid=22c29a6a960a71a4&vjs=3
데이터 분석가 (경력/신입)의 전체 세부 정보, 오버노드,성남 분당구,https://kr.indeed.com/rc/clk?jk=9a2300bee65d75e4&fccid=235f65bfc26a933c&vjs=3
Business Intelligence Analyst  Seoul  Korea의 전체 세부 정보, Tesla,서울 강남구,https://kr.indeed.com/rc/clk?jk=4b3dfd13c88992b8&fccid=86e9be6ce380173e&vjs=3
백엔드 엔지니어 (Python) 정규직의 전체 세부 정보, 데이터비,서울 마포구,https://kr.indeed.com/rc/clk?jk=79d696388d32d3ff&fccid=dd6f5fd8e8c02e7e&vjs=3
B2C 백엔드 엔지니어(Python) - 크레딧플래닛의 전체 세부 정보, 피플펀드컴퍼니,서울 서초구,https://kr.indeed.com/rc/clk?jk=0c5d87bd895ed6f4&fccid=10d9fdf90a5a21a4&vjs=3
Python Engineer (Top Secret Clearance)의 전체 세부 정보, Better Talent Advisors,None,https://kr.indeed.com/rc/clk?jk=7e91108c3aa82d7d&fccid=a9ac37d9721dd9ff&vjs=3
2023 Student Training in Engineering Program (STEP)  People with Disabilities (장애인 채용)의 전체 세부 정보, Google,서울,https://kr.indeed.com/rc/clk?jk=5d24a062cabc9f0d&fccid=a5b4499d9e91a5c6&vjs=3
Python Backend Server Application 개발 경력직의 전체 세부 정보, 알스퀘어부동산중개법인,서울 강남구,https://kr.indeed.com/rc/clk?jk=fc52ac172974bdd5&fccid=ceaba15614996767&vjs=3
비전인식  Python 외 경력의 전체 세부 정보, 넥스트커리어,성남 수정구,https://kr.indeed.com/rc/clk?jk=9c9ff1f634b43831&fccid=2d777ccbd7a449c1&vjs=3
Intern - Virtual Motion의 전체 세부 정보, Ansys,서울,https://kr.indeed.com/rc/clk?jk=f52bfe272f061899&fccid=95f8f553c04ed01c&vjs=3
SW engineer intern의 전체 세부 정보, INTEL,서울,https://kr.indeed.com/rc/clk?jk=fae25ef1694390dc&fccid=936367796261bd6e&vjs=3
백엔드(Python  Java) 개발자의 전체 세부 정보, 액스,서울 서초구,https://kr.indeed.com/rc/clk?jk=08982516c7220571&fccid=5013eca338141e7d&vjs=3
Python(Django) 개발자 (5년 이상)의 전체 세부 정보, 아테나스랩,서울 마포구,https://kr.indeed.com/rc/clk?jk=bbe8f11ac0191543&fccid=f7418ec5d47158aa&vjs=3
Python  인공지능(AI) 외 신입/경력의 전체 세부 정보, 사회정보연구원,서울 은평구,https://kr.indeed.com/rc/clk?jk=b7fad584859458e4&fccid=8da9b3751cf2e16c&vjs=3
[데브툴즈] Front end 개발자의 전체 세부 정보, 데브툴즈,안양 동안구,https://kr.indeed.com/rc/clk?jk=a76e48ed8883b9b5&fccid=ad60a0632f3f3e71&vjs=3
AI 연구개발(Python 능숙자)의 전체 세부 정보, 비아이매트릭스,서울 강남구,https://kr.indeed.com/rc/clk?jk=3c5ebb151d20d3a1&fccid=f3fcdbdd85f462a6&vjs=3
Business Analyst의 전체 세부 정보, 이제이엔,서울 강남구,https://kr.indeed.com/rc/clk?jk=c4a181675d3d33bc&fccid=8b6179f73c3ea438&vjs=3
[TEXTNET] AI 데이터 기반 NLP 모델러의 전체 세부 정보, 스피링크,서울 용산구,https://kr.indeed.com/rc/clk?jk=e36054632357477e&fccid=0c6dc65eaa2bfc14&vjs=3
백엔드 개발자(인턴십)의 전체 세부 정보, 액스,서울 서초구,https://kr.indeed.com/rc/clk?jk=b7223c792bfcbcd4&fccid=5013eca338141e7d&vjs=3
Back end Developer (Python)의 전체 세부 정보, 인라이플,서울 구로구,https://kr.indeed.com/rc/clk?jk=ef8a1311d2943438&fccid=25a5f8f961de7852&vjs=3
Product Packaging Engineer의 전체 세부 정보, INTEL,서울,https://kr.indeed.com/rc/clk?jk=f9471869e3dcfd01&fccid=936367796261bd6e&vjs=3
[대형저축은행] 디지털금융빅데이터 담당의 전체 세부 정보, 피플뱅크코리아,서울,https://kr.indeed.com/rc/clk?jk=0f633b4d2ff27fd8&fccid=a65512d1366ce5eb&vjs=3
2023 Software Engineering Intern  People with Disabilities (장애인 채용)의 전체 세부 정보, Google,서울,https://kr.indeed.com/rc/clk?jk=ed7b7e6eb72ffab8&fccid=a5b4499d9e91a5c6&vjs=3
[kt그룹] 2023년 kt MOS북부 신입사원의 전체 세부 정보, 케이티엠오에스북부,서울,https://kr.indeed.com/rc/clk?jk=5e177f85b8eb15dd&fccid=9fb029258096d8f5&vjs=3
2023 Software Engineering Intern  People with Disabilities (장애인 채용)의 전체 세부 정보, Google,서울,https://kr.indeed.com/rc/clk?jk=ed7b7e6eb72ffab8&fccid=a5b4499d9e91a5c6&vjs=3
딥러닝 AI 개발 연구원의 전체 세부 정보, 베이리스,성남 수정구,https://kr.indeed.com/rc/clk?jk=87309d3ff40ead61&fccid=ce871e9e4a9f430a&vjs=3
백엔드 엔지니어(Python  Kotlin)의 전체 세부 정보, 피플펀드컴퍼니,서울 서초구,https://kr.indeed.com/rc/clk?jk=de971153b858cd47&fccid=10d9fdf90a5a21a4&vjs=3
기술 인턴 인공지능 응용 연구/개발 인턴의 전체 세부 정보, 써로마인드로보틱스,서울 관악구,https://kr.indeed.com/rc/clk?jk=71c47ac87bb4087e&fccid=230e414668234579&vjs=3
[정규직/MDS테크] 비전  영상처리 프로그램 개발의 전체 세부 정보, 엠디에스테크,성남 분당구,https://kr.indeed.com/rc/clk?jk=1f9066aed0b5b35b&fccid=319d0afffcd7f680&vjs=3
파이썬(python) 백엔드 개발자(전문연구요원)의 전체 세부 정보, 아토머스,서울 강남구,https://kr.indeed.com/rc/clk?jk=c3ea7ef913ec52d2&fccid=660bbb21789ab63d&vjs=3
ChatBot 개발 및 자연어 인공지능 무료교육의 전체 세부 정보, 한국정보기술서비스산업협회,서울,https://kr.indeed.com/rc/clk?jk=acd1333ab1003de2&fccid=21e7cb4036a655e0&vjs=3
SI증권 신규직원 (관리직 - IT)의 전체 세부 정보, 에스아이증권,서울 영등포구,https://kr.indeed.com/rc/clk?jk=6f6386fd8a1042c1&fccid=2cd854bb1bdd4128&vjs=3
Software Researcher의 전체 세부 정보, 디사일로,서울 서초구,https://kr.indeed.com/rc/clk?jk=ebedb4f31d73fcda&fccid=5426751914bc03f8&vjs=3
Build Engineer의 전체 세부 정보, Sonatus,서울,https://kr.indeed.com/rc/clk?jk=8b283a6e59824f23&fccid=3cb1f6ea0be8448b&vjs=3
Data Analyst의 전체 세부 정보, 두잇,서울 관악구,https://kr.indeed.com/rc/clk?jk=792c24312b052c34&fccid=40d1e624121fa726&vjs=3
[INEEJI] (주)인이지 AI 엔지니어 개발자 (전문연구요원 포함)의 전체 세부 정보, 인이지,서울 서초구,https://kr.indeed.com/rc/clk?jk=a704ec4c6d498a0e&fccid=8a0714879bbe4b76&vjs=3
SW Developer의 전체 세부 정보, Ericsson,서울,https://kr.indeed.com/rc/clk?jk=d347bdfa228e41c0&fccid=82656d64a9a3e6a7&vjs=3
머신러닝 개발자의 전체 세부 정보, 트레이디,서울 금천구,https://kr.indeed.com/rc/clk?jk=ea9e2a003ba1a290&fccid=d36b44d619c311c4&vjs=3
Python 웹 프론트엔드 개발자의 전체 세부 정보, 모멘텀HR,서울 성동구,https://kr.indeed.com/rc/clk?jk=c032ab3a30477195&fccid=ced6b7776d793edd&vjs=3
[데브시스터즈] DevOps Engineer (신입)의 전체 세부 정보, 데브시스터즈,서울 강남구,https://kr.indeed.com/rc/clk?jk=3058f7280a2e6644&fccid=58a9a803698a0afd&vjs=3
[전액무료] LLM 활용 인공지능(NLP) 서비스 개발자 양성과정의 전체 세부 정보, 솔트룩스,서울,https://kr.indeed.com/rc/clk?jk=0f7cbfb6a343fa5b&fccid=eb74805cb9fd733e&vjs=3
[그리팅] 백엔드 엔지니어(BackOffice) (연계형 인턴)의 전체 세부 정보, 두들린,서울 강남구,https://kr.indeed.com/rc/clk?jk=bdc2a1d822ad149c&fccid=6f5ff74d22f3849e&vjs=3
자율 주행  로봇 SW 개발자의 전체 세부 정보, 에바,성남 수정구,https://kr.indeed.com/rc/clk?jk=e30fe92d72ceb17c&fccid=5cc87f5890bd7170&vjs=3
음성 개발의 전체 세부 정보, 코난테크놀로지,서울 서초구,https://kr.indeed.com/rc/clk?jk=f60407c6070bb515&fccid=89684d566fa8a7b9&vjs=3
강화학습 개발자 (디지털 트윈)의 전체 세부 정보, 코난테크놀로지,서울 서초구,https://kr.indeed.com/rc/clk?jk=c08f72e1133f1385&fccid=89684d566fa8a7b9&vjs=3
Machine Learning Researcher (Computer Vision)의 전체 세부 정보, BOEING,서울,https://kr.indeed.com/rc/clk?jk=488af8c351d5faf6&fccid=edae4285faf6c2f0&vjs=3
중소벤처기업연구원 (서울 동작구/ 연구직(R1)1명  전문직(R2) 1명) 파견X의 전체 세부 정보, 커리어넷,서울 동작구,https://kr.indeed.com/rc/clk?jk=f62e676f76b63f70&fccid=f3a62a0c0fd57b48&vjs=3
다이렉트인덱싱 솔루션(서비스 백엔드/ 웹 프론트엔드 (~10/31)의 전체 세부 정보, KB자산운용,서울 영등포구,https://kr.indeed.com/rc/clk?jk=6030a2d74688ff0f&fccid=846186c5b49d7bef&vjs=3
Computer Vision Engineer Visual SLAM의 전체 세부 정보, 뉴빌리티,서울 성동구,https://kr.indeed.com/rc/clk?jk=bc860e02d07ffefd&fccid=1cb18707752a948e&vjs=3
++렉스코드 백엔드 개발자 ++의 전체 세부 정보, 렉스코드,서울 서초구,https://kr.indeed.com/rc/clk?jk=9121c5aa8075bfa3&fccid=005cc3e287692b67&vjs=3
ML/DL Data Scientist[경력]의 전체 세부 정보, 현대자동차그룹,서울 여의도,https://kr.indeed.com/rc/clk?jk=80d4df92bd3b714e&fccid=980d6ecc399a3373&vjs=3
개발자 - Python 서버 프로그램 개발의 전체 세부 정보, 바인테크,서울 송파구,https://kr.indeed.com/rc/clk?jk=4cc15c26097421c5&fccid=aef44811e748bebe&vjs=3
서울ICT이노베이션스퀘어 인공지능 무료교육의 전체 세부 정보, 한국정보기술서비스산업협회,서울,https://kr.indeed.com/rc/clk?jk=4305bc955023aeb7&fccid=21e7cb4036a655e0&vjs=3
Data Engineer (Mid/Senior)의 전체 세부 정보, Calhoun International  LLC,경기도 평택,https://kr.indeed.com/rc/clk?jk=e7ba3bf45f0579e0&fccid=123c27d0e168151d&vjs=3
서울ICT이노베이션스퀘어 인공지능 무료교육의 전체 세부 정보, 한국정보기술서비스산업협회,서울,https://kr.indeed.com/rc/clk?jk=4305bc955023aeb7&fccid=21e7cb4036a655e0&vjs=3
Data Scientist의 전체 세부 정보, BOEING,서울,https://kr.indeed.com/rc/clk?jk=0d0872c5582aa229&fccid=edae4285faf6c2f0&vjs=3
커넥티드 카 AI 음성인식 개발 (NLP/ 자연어처리)[연구원  책임연구원]의 전체 세부 정보, 현대자동차그룹,서울 강남구,https://kr.indeed.com/rc/clk?jk=f5187c1945d99ff1&fccid=980d6ecc399a3373&vjs=3
[인공지능 무료교육] Yolo OpenCV 활용한 실시간 객체탐지 모델 구현 실무의 전체 세부 정보, 한국정보기술서비스산업협회,서울,https://kr.indeed.com/rc/clk?jk=1f0760e5e818fbf5&fccid=21e7cb4036a655e0&vjs=3
[선행기술원] 시계열 AI 모델 및 온라인 학습 기술 개발[책임연구원]의 전체 세부 정보, 현대자동차그룹,성남 판교역,https://kr.indeed.com/rc/clk?jk=6b5c27f06e497a8b&fccid=980d6ecc399a3373&vjs=3
[코리아교육그룹]Python / JAVA / C언어/ C# / C++ 강사 중의 전체 세부 정보, 에스씨에이아카데미혜화,서울,https://kr.indeed.com/rc/clk?jk=f4aa3759d608d254&fccid=4aba802670ed5334&vjs=3
디지털 포렌식 정규전환형 인턴의 전체 세부 정보, EY,서울 영등포구,https://kr.indeed.com/rc/clk?jk=ebb8d253418bdac5&fccid=1544766d4c2915b0&vjs=3
Robotics Engineer [AI Perception][연구원  책임연구원]의 전체 세부 정보, 현대자동차그룹,대한민국,https://kr.indeed.com/rc/clk?jk=72cc31b4ce2e0652&fccid=980d6ecc399a3373&vjs=3
# 병역특례(산업기능요원)의 전체 세부 정보, 포티투마루,서울 서초구,https://kr.indeed.com/rc/clk?jk=0e20d580b5033851&fccid=b6cebf2e7d619f07&vjs=3
[인텔리전스랩스] 데이터 분석가 (마케팅)의 전체 세부 정보, Nexon,경기도 성남,https://kr.indeed.com/rc/clk?jk=aec83962a6b7ff50&fccid=aba87288e4cc3687&vjs=3
Python 분석 인원 정규직 채용의 전체 세부 정보, (주)스마트모빌러티 관심기업,서울 휘경동,https://kr.indeed.com/rc/clk?jk=5e761f105a377ae8&fccid=307824036b9dcb17&vjs=3
2023 IBM Consulting Associates 채용 - Application Developer의 전체 세부 정보, IBM,서울,https://kr.indeed.com/rc/clk?jk=a892c81b1382d7d4&fccid=de71a49b535e21cb&vjs=3
Python 서버 어플리케이션 개발자의 전체 세부 정보, 바인테크,서울 송파구,https://kr.indeed.com/rc/clk?jk=8a7c4886df34e482&fccid=aef44811e748bebe&vjs=3
SK플래닛 T아카데미 ASAC 4기 교육생 [빅데이터 분석/ 웹풀스택 개발]의 전체 세부 정보, SK플래닛 Tacademy,서울 마포구,https://kr.indeed.com/rc/clk?jk=d9f39c24a30388d2&fccid=c29e5daceb008fd3&vjs=3
Robotics Engineer [Computer Vision][연구원  책임연구원]의 전체 세부 정보, 현대자동차그룹,대한민국,https://kr.indeed.com/rc/clk?jk=1e994678952daca2&fccid=980d6ecc399a3373&vjs=3
Python Developer, RemoteMore,Latin America Only/Europe Only/EMEA Only/Africa Only,https//weworkremotely.com/remote-jobs/remotemore-python-developer-7
Senior Open Source Developer & DevOps (Python  Django  React  AWS/OpenStack), OpenCraft,Anywhere in the World,https//weworkremotely.com/remote-jobs/opencraft-senior-open-source-developer-devops-python-django-react-aws-openstack
Sr Software Engineer - Python, Salas O'Brien,USA Only,https//weworkremotely.com/remote-jobs/salas-o-brien-sr-software-engineer-python
Lead Python Developer, Tactiq Tech,Anywhere in the World,https//weworkremotely.com/remote-jobs/tactiq-tech-lead-python-developer
Senior/Staff Software Engineer - Backend/Python - USA (100% Remote), Close,USA Only,https//weworkremotely.com/remote-jobs/close-senior-staff-software-engineer-backend-python-usa-100-remote
Senior Python Engineer, Shake,Anywhere in the World,https//weworkremotely.com/remote-jobs/shake-senior-python-engineer-2
Python Flask User Workspace Developer, DataExplorer,Anywhere in the World,https//weworkremotely.com/remote-jobs/dataexplorer-python-flask-user-workspace-developer
